Buxom,$21.00,Full-On Plumping Lip Cream
NYX Professional Makeup,$11.50,Shine Loud Vegan High Shine Long-Lasting Liquid Lipstick
Too Faced,$29.00,Lip Injection Maximum Plump Extra Strength Lip Plumper
MAC,$18.00,Lip Pencil
MAC,$19.00,Lipstick Matte
NYX Professional Makeup,$5.00,Butter Gloss Non-Sticky Lip Gloss
Buxom,$21.00,Full-On Plumping Lip Polish
MAC,$19.00,Lipstick Cream
COVER FX,$21.00,Monochromatic Lip Color
NYX Professional Makeup,$4.00,Slim Lip Pencil Creamy Long-Lasting Lip Liner
ULTA,$9.00,Juice Infused Lip Oil
Benefit Cosmetics,$18.00,Lip & Cheek Stain and Tint
Too Faced,$29.00,Lip Injection Extreme Lip Plumper
Maybelline,$9.49,SuperStay Matte Ink Liquid Lipstick
NARS,$39.00,The Multiple
Maybelline,$8.99,Lifter Gloss With Hyaluronic Acid
NYX Professional Makeup,$4.00,Suede Matte Lip Liner
NYX Professional Makeup,$6.50,Soft Matte Lip Cream
NARS,$28.00,Afterglow Lip Balm
Buxom,$18.00,Plumpline Lip Liner
KKW BEAUTY,$12.00,Nude Lip Liner
MAC,$2.97 - $12.00,Mini MAC Lipstick
KVD Beauty,$21.00,Everlasting Liquid Lipstick
Tarte,$19.00,Maracuja Juicy Lip
Too Faced,$16.00,Travel Size Lip Injection Extreme Lip Plumper
mented cosmetics,$15.00,Lip Gloss
Buxom,$18.00,Power-full Plump Lip Balm
Stila,$22.00,Stay All Day Liquid Lipstick
Too Faced,$22.00,Melted Matte Liquid Lipstick
ColourPop,$3.00 - $6.00,Lippie Pencil
NYX Professional Makeup,$8.50,This Is Milky Gloss Lip Gloss
NARS,$26.00,Air Matte Lip Color
ULTA,$8.00,Automatic Lip Liner
Anastasia Beverly Hills,$20.00,Liquid Lipstick
ULTA,$10.00,Plumped Up Pout
KKW BEAUTY,$18.00,Nude Crème Lipstick
Juvia's Place,$14.00,The Nude Velvety Matte Lipstick
Smashbox,$17.97 - $24.00,Always On Longwear Matte Liquid Lipstick
MAC,$18.00,Selena La Reina Lipglass
ULTA,$9.00,Luxe Lipstick
Maybelline,$9.49,SuperStay Ink Crayon Lipstick
NYX Professional Makeup,$8.00,Suede Matte Lipstick Lightweight Vegan Lipstick
Urban Decay Cosmetics,$22.00,24/7 Glide-On Lip Pencil
MAC,$21.00,Powder Kiss Lipstick
Clinique,$17.50,Moisture Surge Lip Hydro-Plump Treatment
MAC,$24.00,Powder Kiss Liquid Lipcolour
MAC,$39.50,Easy To Love Me Lipstick x3 Kit
NARS,$26.00,Lipstick
ColourPop,$115.00,Disney Bambi and ColourPop Collection
Urban Decay Cosmetics,$19.00,Vice Lipstick
It Cosmetics,$24.00,Pillow Lips Solid Serum Lip Gloss
ColourPop,$4.00 - $8.00,So Juicy Plumping Gloss
Clinique,$20.00,Dramatically Different Lipstick Shaping Lip Colour
Tarte,$10.00,Travel Size Maracuja Juicy Lip
L.A. Girl,$2.99,Perfect Precision Lip Liner
NARS,$27.00,Velvet Matte Lip Pencil
MAC,$19.00,Lipstick Lustre
Morphe,$12.00,Morphe 2 Wondertint Cheek & Lip Mousse
NARS,$26.00,Powermatte Lip Pigment
NYX Professional Makeup,$7.00,Filler Instinct Plumping Lip Gloss
Clinique,$18.50,Chubby Stick Moisturizing Lip Colour Balm
ColourPop,$3.50 - $7.00,Lippie Stix
ULTA,$12.00,Ulta Beauty Collection X Marvel Studios' WandaVision Plumping Lip Gloss
ULTA,$10.00,Too Cheeky Lip & Cheek Color Stick
NYX Professional Makeup,$8.00,Slide On Lip Pencil Waterproof Lip Liner
Buxom,$20.00,Full Force Plumping Lipstick White Russian
MAC,$20.00,Black Cherry Glow Play Lip Balm
Too Faced,$23.00,Lip Injection Power Plumping Lip Gloss
Clarins,$28.00,Water Lip Stain
Lancôme,$20.00,Juicy Tubes Original Lip Gloss
Morphe,$10.00,Liquid Lipstick
Clinique,$20.00,Almost Lipstick
mented cosmetics,$16.50,Semi-Matte Lipstick
Milani,$8.99,Keep It Full Nourishing Lip Plumper
MAC,$22.00,Retro Matte Liquid Lipcolour
NYX Professional Makeup,$7.00,Lip Lingerie Liquid Lipstick
Kopari Beauty,$13.00,Coconut Lip Glossy
Kopari Beauty,$30.00,Paradise Pout Lip Kit
NYX Professional Makeup,$5.00,Retractable Long-Lasting Mechanical Lip Liner
It Cosmetics,$24.00,Pillow Lips Cream Lipstick
NARS,$24.00,Lip Gloss
Buxom,$21.00,Full-On Plumping Lip Cream White Russian
Tarte,$24.00,Lippie Lingerie Matte Tint
MAC,$20.00,Black Cherry Lipstick
Juvia's Place,$10.00,Lux Lip Liners
Beauty Bakerie,$20.00,Matte Lip Whip
ULTA,$9.00,Shiny Sheer Lip Gloss
Maybelline,$9.49,SuperStay Matte Ink Liquid Lipstick Coffee Edition
ULTA,$9.00,Velvet Matte Lip Crayon
Honest Beauty,$9.00,Tinted Lip Balm
ULTA,$16.00,Ulta Beauty Collection X Marvel's WandaVision Mauve Jelly Gloss & Lip Balm
MAC,$19.00,Lipstick Shine
Urban Decay Cosmetics,$19.00,Vice Lipstick Comfort Matte
ColourPop,$4.00,Lip Crayon
BECCA Cosmetics,$19.00,Hydra-Light Plumping Lip Balm
KVD Beauty,$11.00,Kitten Mini: Everlasting Liquid Lipstick
NYX Professional Makeup,$7.00,Liquid Suede Cream Lipstick
Maybelline,$8.99,Color Sensational Ultimatte Slim Lipstick
KVD Beauty,$19.00,Everlasting Lip Liner
ColourPop,$8.00,Lux Lip Oil
NYX Professional Makeup,$8.00,Filler Instinct Plumping Lip Balm With Hyaluronic Acid
Soap & Glory,$13.00,Sexy Mother Pucker Pillow Plump XXL Lip Plumping Gloss
Lancôme,$32.00,L'Absolu Rouge Hydrating Shaping Lipcolor
Clarins,$26.00,Lip Comfort Oil
bareMinerals,$20.00,Gen Nude Matte Liquid Lipcolor
MAC,$19.00,Prep + Prime Lip Primer
Urban Decay Cosmetics,$19.00,Vice Lipstick Metallized
Maybelline,$7.99,Color Sensational Shaping Lip Liner
Essence,$3.29,Shine Shine Shine Lipgloss
Morphe,$10.00,Madison Beer Lip Gloss
Anastasia Beverly Hills,$18.00,Lip Stain
Maybelline,$10.99,SuperStay 24 Liquid Lipstick
NYX Professional Makeup,$9.00,Lip Lingerie Push-Up Long-Lasting Nude Lipstick & Sharpener
Lipstick Queen,$12.00,Frog Prince Lipstick Mini
Tarte,$10.00,Sugar Rush - Lip Sip Vegan Lip Oil Mini
Lipstick Queen,$25.00,Frog Prince Lipstick
StriVectin,$39.00,Double Fix for Lips Plumping & Vertical Line Treatment
KKW BEAUTY,$18.00,Pink Crème Lipstick
Burt's Bees,$5.49,Tinted Lip Balm
NYX Professional Makeup,$8.50,Shout Loud Satin Lipstick
Urban Decay Cosmetics,$10.00,Grindhouse Double Barrel Sharpener
Anastasia Beverly Hills,$18.00,Matte Lipstick
e.l.f. Cosmetics,$6.00,Hydrating Core Lip Shine
ColourPop,$3.50,Ultra Blotted Lip
NARS,$26.00,Orgasm Oil-Infused Lip Tint
Buxom,$22.00,Serial Kisser Plumping Lip Stain
MAC,$21.00,Love Me Lipstick
bareMinerals,$20.00,BAREPRO Longwear Lipstick
ULTA,$2.50,Cosmetic Pencil Sharpener
Clinique,$20.00,Pop Lip Colour + Primer
Morphe,$9.00,Lip Gloss
Lime Crime,$20.00,Matte Velvetine Lipstick
Tarte,$10.00,Sugar Rush - Mini Sugar Coat Velvet Liquid Lipstick - Cake Pop
It Cosmetics,$24.00,Pillow Lips Matte Lipstick
bareMinerals,$20.00,Mineralist Hydra-Smoothing Lipstick
Milani,$4.99,Color Statement Lipliner
Morphe,$4.00,Lip Pencils
L'Oréal,$11.99,Rouge Signature Lightweight Matte Lip Stain
KKW BEAUTY,$20.00,Nude Gloss
ULTA,$16.00,Ulta Beauty Collection X Marvel's WandaVision Clear Jelly Gloss & Lip Balm
Juvia's Place,$13.00,Lip Reflect Gloss
Grande Cosmetics,$27.00,"GrandeLIPS Hydrating Lip Plumper, Gloss Finish"
Clinique,$20.00,Moisture Surge Pop Triple Lip Balm
Clinique,$20.00,Quickliner For Lips Intense
L'Oréal,$8.95 - $10.99,Colour Riche Satin Lipstick
ULTA,$9.00,Tinted Juice Infused Lip Oil
Too Faced,$19.00,Peach Bloom Color Blossoming Lip Balm
NYX Professional Makeup,$6.00,Matte Lipstick
MAC,$34.50,Current Mood Lipglass x3 Kit
ChapStick,$1.25 - $4.99,Total Hydration Moisture + Tint Lip Balm
Lancôme,$26.00,L'Absolu Mademoiselle Lip Balm
bareMinerals,$19.00,Gen Nude Buttercream Lip Gloss
Clinique,$20.00,Pop Splash Lip Gloss + Hydration
L.A. Girl,$4.99,Ultimate Lip Intense Wear Auto Lipliner
NARS,$24.00,Precision Lip Liner
Ardell,$7.99,Forever Kissable Lip Stain
Urban Decay Cosmetics,$22.00,Vice Lip Chemistry Lip Stain
Tarte,$12.00,Sugar Rush - Best Bud Lip Butter Balm
Lime Crime,$18.00,Wet Cherry Lip Gloss
ULTA,$9.00,Tinted Jelly Balm
Too Faced,$24.00,Lip Injection Plumping Lip Gloss
ColourPop,$8.00,Roller Gloss
PMD,$139.00,Kiss Lip Plumping System
Kiehl's Since 1851,$24.00,Butterstick Lip Treatment SPF 30
MAC,$18.00,Dazzleglass Lip Gloss
Truly,$14.00,Unicorn Fruit Lip Plumping Balm
NYX Professional Makeup,$5.00,2-In-1 Pencil Sharpener
jane iredale,$28.00,Just Kissed Lip and Cheek Stain
Anastasia Beverly Hills,$16.00,Lip Gloss
Estée Lauder,$32.00,Pure Color Illuminating Shine
Lancôme,$27.00,Le Lipstique Dual Ended Lip Pencil with Brush
MAC,$55.00,Best-Seller Lipstick Trio
OSEA,$60.00,Eye & Lip Firming Cream
Dr. PAWPAW,$2.00 - $8.00,Tinted Multipurpose Soothing Balm
Anastasia Beverly Hills,$20.00,Crystal Lip Gloss
NUDESTIX,$75.00,Matinée to Soirée Kit by Allana Davison
ColourPop,$9.00,Disney Lux Lip Gloss
MAC,$19.00,Viva Glam Lipstick
e.l.f. Cosmetics,$3.00,Lip Lacquer
ULTA,$9.00,Lasting Color Lip Gloss Stain
NABLA,$20.00,Viper Lip Plumper
NARS,$6.00,Pencil Sharpener
Ofra Cosmetics,$20.00,Long Lasting Liquid Lipstick
Winky Lux,$16.00,Flower Balm
Tarte,$15.00,Sugar Rush - Sugar Coat Velvet Liquid Lipstick
Anastasia Beverly Hills,$20.00,Diamond Lip Gloss
Stila,$22.00,Stay All Day Shimmer Liquid Lipstick
Revlon,$8.49,Super Lustrous Lipstick
Clinique,$18.50,Chubby Stick Intense Moisturizing Lip Colour Balm
mented cosmetics,$12.00,Lip Liner
Buxom,$20.00,Full Force Plumping Lipstick
e.l.f. Cosmetics,$6.00,Lip Plumping Gloss
Makeup Revolution,$7.00,Pout Bomb Plumping Gloss
MAC,$18.00,Clear Lipglass
Burt's Bees,$5.49,Lip Shimmer
Revlon,$10.99,ColorStay Satin Ink Liquid Lipstick
Revlon,$10.99,ColorStay Overtime Lipcolor
NYX Professional Makeup,$8.50,Powder Puff Lippie
Smashbox,$24.00,Always On Cream to Matte Lipstick
Milani,$9.99,Rose Transforming Lip Balm
Morphe,$9.00,Morphe 2 Glassified Lip Oil
Buxom,$20.00,Full Force Plumping Lipstick - '90s Nudes
L'Oréal,$10.99,Infallible Pro-Matte Liquid Lipstick
FLOWER Beauty,$7.99,Petal Pout Lip Color
Buxom,$21.00,BFF Full-On Plumping Lip Polish Collection
Maybelline,$7.99 - $8.49,Color Sensational The Mattes Lipstick
BECCA Cosmetics,$15.00,Two For You Mini Lipstick Duo
mented cosmetics,$12.00,Balms Away Coconut Lip Treatment
Lancôme,$25.00,Juicy Tubes Original Mini Set
KKW BEAUTY,$65.00,Best of Pinks Lipstick Set
Stila,$26.00,Complete Harmony Lip & Cheek Stick
Buxom,$15.00,Dialed Up Duo Full-On Plumping Lip Polish Set
ColourPop,$8.00,Melrose Lux Gloss
Buxom,$22.00,PillowPout Creamy Plumping Lip Powder
L.A. Girl,$4.99,Lip Plumper Tinted
Urban Decay Cosmetics,$26.00,Stay Naked Face and Lip Tint
Lancôme,$26.00,L'Absolu Lacquer Longwear Buildable Lip Gloss
Lancôme,$26.00,Color Design Lipstick
ColourPop,$3.50 - $7.00,Ultra Glossy Lip
Holika Holika,$7.00,Holi Pop Jelly Tint
Truly,$14.00,Star Kisser Lip Plumping Mask
Morphe,$10.00,Matte Lipstick
Urban Decay Cosmetics,$19.00,Ultimate Ozone Multi Purpose Primer Pencil
ULTA,$9.00,Radiant Glow Lip Balm
Tarte,$15.00,Sugar Rush - Lip Sip Vegan Lip Oil
bareMinerals,$20.00,Gen Nude Patent Lip Lacquer
HOURGLASS,$40.00,Confession Ultra Slim High Intensity Refillable Lipstick - Red 0
UOMA Beauty,$24.00,BADASS ICON Matte Lipstick
NARS,$27.00,Satin Lip Pencil
NYX Professional Makeup,$7.50,Lip Lingerie Nude Lip Gloss
Rituel de Fille,$29.00,Inner Glow Creme Pigment
ULTA,$9.00,Velvet Matte Liquid Lipstick
Lipstick Queen,$12.00,Highway 66 Lipstick Mini
Milani,$7.99,Understatement Lip Liner
FLOWER Beauty,$9.99,Bitten Lip Stain
ChapStick,$1.75 - $6.99,Total Hydration Vitamin Enriched Tinted Lip Oil
Morphe,$16.00,Sweet Oasis Mini Lip Gloss Trio
CoverGirl,$10.99 - $11.99,Outlast All Day Lip Color
Milani,$5.99,Color Statement Lipstick
Maybelline,$7.99,Color Sensational Shine Compulsion Lipstick
Lime Crime,$20.00,Plushies Liquid Lipstick
SMITH & CULT,$21.00,Locked & Lit CBD Lip Balm
ULTA,$9.00,Radiant Shine Lipstick
Laura Mercier,$28.00,Lip Glacé
KVD Beauty,$19.00,XO Lip Gloss
Lano,$13.50,Lips Tinted Balm
HAN Skincare Cosmetics,$16.00,Multistick
Buxom,$25.00,Plump Shot Collagen-Infused Lip Serum
Pacifica,$11.00,Glow Stick Lip Oil
Clarins,$26.00,Natural Lip Perfector
Burt's Bees,$12.99,100% Natural All Aglow Lip & Cheek Stick
Too Faced,$25.00,Peach Bloom Color Blossoming Lip & Cheek Tint
L.A. Girl,$3.99,Matte Flat Velvet Lipstick
Clinique,$20.00,Even Better Pop Lip Colour Foundation
Olio E Osso,$28.00,Lip & Cheek Tinted Balm
Morphe,$8.00,Morphe 2 L-Balm Lip Balm
Lano,$13.50,Pear 101 Ointment Multi-Balm
e.l.f. Cosmetics,$3.00,SRSLY Satin Lipstick
Wet n Wild,$4.99,Cloud Pout Marshmallow Lip Mousse
MAC,$21.00,Powerglass Plumping Lip Gloss
Clinique,$20.00,Pop Matte Lip Colour + Primer
Pacifica,$5.00,Color Quench Lip Tint
Milani,$8.99,Amore Satin Matte Lip Crème
Laura Mercier,$32.00,Rouge Essentiel Silky Crème Lipstick
Essence,$3.99,This Is Nude Lipstick
Juvia's Place,$13.00,Glass Lip Gloss
Morphe,$12.00,Morphe 2 Gloss Pop Face & Eye Gloss
Essence,$2.99,Stay 8H Waterproof Lipliner
Maybelline,$7.99,Color Sensational The Buffs Lip Color
NYX Professional Makeup,$6.00,#THISISEVERYTHING Lip Oil
NUDESTIX,$65.00,Smokey Nude Glow Set By Taylor Frankel
bareMinerals,$17.00,Gen Nude Under Over Lip Liner
Lime Crime,$10.00 - $20.00,Diamond Crusher Lip Topper
Lipstick Queen,$24.00,Nothing But the Nudes
Lipstick Queen,$24.00,Medieval Lipstick
UOMA Beauty,$26.00,Black Magic Metallic Shine Lipstick
Lime Crime,$16.00,Velvetines Lip Liner
Milani,$8.99,Supercharged Cheek + Lip Multistick
Tarte,$19.00,Maneater Plump & Prowl Lip Plumper
MAC,$22.00,Retro Matte Liquid Lipcolour Metallics
Morphe,$8.00,Morphe 2 Sweet Lips Prep Polish Lip Scrub
ULTA,$9.00,Gloss Stick
L'Oréal,$11.99,Brilliant Signature Shiny Lip Stain
Revlon,$4.99 - $9.99,Super Lustrous Glass Shine Lipstick
Soap & Glory,$14.00,Sexy Mother Pucker XL Extreme-Plump
Clinique,$20.00,Quickliner For Lips
Estée Lauder,$29.00,Pure Color Envy Paint on Liquid LipColor
Sun Bum,$5.99,Tinted Lip Balm SPF 15
Winky Lux,$16.00,Rainbow Confetti Lip Balm
KVD Beauty,$20.00,Studded Kiss Crème Lipstick - Lolita Collection
Maybelline,$10.49,SuperStay 24 2-Step Liquid Lipstick Coffee Edition
Stila,$22.00,Stay All Day Sheer Liquid Lipstick
NUDESTIX,$26.00,Intense Matte Lip + Cheek Pencil
Persona,$14.00,Lip Liner
Lipstick Queen,$20.00,Lip Surge Plumper
ULTA,$9.00,Correct & Perfect Lip Primer
Beauty Bakerie,$10.00,Cake Pop Lippie Mini
Lipstick Queen,$25.00,Hello Sailor Lipstick
Morphe,$9.00,Soft Matte Lip Crayon
Benefit Cosmetics,$5.00,All Purpose Pencil Sharpener
MAC,$20.00,Black Cherry Prep + Prime Lip
FLOWER Beauty,$9.99,Petal Pout Lip Mask
KKW BEAUTY,$12.00,Pink Lip Liner
FLOWER Beauty,$9.99,Lip And Cheek Gel Crush
Lancôme,$26.00,L'Absolu Gloss
Revlon,$8.49,Super Lustrous Lipstick The Luscious Mattes
Wet n Wild,$2.99,MegaLast Catsuit Matte Lipstick
Rituel de Fille,$24.00,Color Nectar Pigment Balm
Essence,$1.99,Soft & Precise Lip Pencil
NYX Professional Makeup,$9.00,Dazed & Diffused Dual Ended Blurring Lip Liner
L'Oréal,$10.99,Colour Riche Shine Lipstick
KKW BEAUTY,$18.00,Red Crème Lipstick
Milani,$9.99,Green Goddess Transforming Lip Balm
Holika Holika,$11.00,Water Drop Tint Bomb
Essence,$1.99,Juicy Bomb Shiny Lipgloss
Smashbox,$18.00,The Mindful 5 Custom Glow Lip Balm
jane iredale,$17.00,LipDrink Lip Balm
ULTA,$4.49,Sheer Lipstick
Lano,$32.00,Essential Lip Tints Trio
MAC,$22.00,Patent Paint Lip Lacquer
Makeup Revolution,$7.00,Good Vibes Lip Balm with Cannabis Sativa
florence by mills,$14.00,Glow Yeah Lip Oil
Stila,$25.00,Naked Truth Lip Gloss Set
Lancôme,$26.00,L'Absolu Rôsy Plump
Urban Decay Cosmetics,$19.00,Vice Lipstick Sheer
MAC,$25.00,Matte Lipstick + Prep & Prime Lip
Origins,$20.00,Blooming Sheer Lip Balm
Soap & Glory,$14.99,Sexy Mother Pucker Fill Seeker Plumping & Rejuvenating Lip Serum
Revlon,$4.99,Kiss Balm Lip Balm
jane iredale,$34.00,Lip Fixation Lip Stain/Gloss
Buxom,$20.00,Va-Va-PLUMP Shiny Liquid Lipstick
Makeup Revolution,$12.00,Pout Bomb Maxi Plump Lip Gloss
Lano,$13.50,Green Apple 101 Ointment Multi-Balm
Au Naturale,$35.00,The Anywhere Creme Multistick
Undone Beauty,$10.00,Lip to Cheek Cream Palette
Wet n Wild,$5.49,MegaLast Liquid Catsuit Matte Lipstick
Revlon,$9.99,Ultra HD Matte Lip Color
HOURGLASS,$30.00,Unreal High Shine Volumizing Lip Gloss
Makeup Revolution,$6.00,Satin Kiss Lipliner
ULTA,$9.00,Jelly Gloss Lip Gel
HOURGLASS,$49.00,Nº 28 Lip Treatment Oil
Smashbox,$24.00,Always On Longwear Matte Liquid Lipstick
Milani,$6.99,Bold Color Statement Matte Lipstick
Persona,$22.00,E-Balm
HOURGLASS,$34.00,Girl Lip Stylo
Milani,$8.99,Color Fetish Lipstick
NABLA,$16.00,Dreamy Creamy Liquid Lipstick
Lipstick Queen,$25.00,Mornin' Sunshine Lipstick
HOURGLASS,$36.00,Confession Ultra Slim High Intensity Refillable Lipstick
KKW BEAUTY,$65.00,Best of Reds Lipstick Set
Anastasia Beverly Hills,$16.00,Lip Primer
L'Oréal,$9.99 - $10.99,Colour Riche Matte Lipcolour
Maybelline,$7.49,Color Sensational The Creams Lip Color
Tarte,$17.00,Double Duty Beauty Busy Gal Gloss
Perricone MD,$30.00,No Makeup Lipstick
Essence,$3.29,Plump Me Up Shine Shine Shine Lipgloss
KKW BEAUTY,$18.00,Classic Icon Crème Lipstick
Anastasia Beverly Hills,$6.00,Sharpener
BECCA Cosmetics,$19.00,Hydra-Light Plumping Lip Mask
Beauty Bakerie,$14.00,Lip Whip Remover
Buxom,$21.00,Full-On Plumping Lip Cream & Polish Fall Collection
Morphe,$9.00,Morphe 2 Happy Glaze Lip Gloss
Wet n Wild,$2.99,Coloricon Zodiac Lip Gloss
Maybelline,$10.99,SuperStay 24 Color 2-Step Liquid Lipstick
NUDESTIX,$26.00,Gel Color Lip + Cheek Balm
Smashbox,$20.00,Gloss Angeles Lip Gloss
Holika Holika,$14.50,Heart Crush Glow Tint Air
Stila,$24.00,Plumping Lip Glaze
L'Oréal,$8.99,Colour Riche Matte Lip Liner
NYX Professional Makeup,$7.00,Nude Lip Primer
Makeup Revolution,$7.00,Hydra Bomb Lip Gloss
NUDESTIX,$26.00,Cream Lip + Cheek Pencil
Lancôme,$30.00,L'Absolu Mademoiselle Shine Lipstick
Honest Beauty,$15.00,Liquid Lipstick
Physicians Formula,$9.49,Tinted Lip Treatment
Clarins,$26.00,Velvet Lip Perfector
L'Oréal,$4.99 - $9.99,Infallible Pro-Matte Liquid Lipstick Les Macarons
ULTA,$6.00,Watermelon Wonderful Lip Jelly
ULTA,$5.00,Mini Luxe Lipstick
Revlon,$8.49,Super Lustrous Lip Gloss
Milani,$7.99,Fruit Fetish Lip Balm
florence by mills,$12.00,Oh Whale! Lip Balm
NYX Professional Makeup,$7.00,Slip Tease Full Color Lip Oil
NUDESTIX,$28.00,Nude Plumping Lip Glace
Tarte,$15.00,Maracuja Glossy Lip Oil
Estée Lauder,$28.00 - $29.00,Pure Color Envy Gloss Kissable Lip Shine
Makeup Revolution,$7.00,Shimmer Bomb Lip Gloss
Buxom,$21.00,Vibe Island Full-On Plumping Lip Cream
e.l.f. Cosmetics,$4.00,Matte Lip Color
ULTA,$10.00,Lip Transforming Top Coat
L'Oréal,$11.99,Infallible Matte Lip Crayon
Revlon,$10.99,Colorstay Ultimate Liquid Lipcolor
Makeup Revolution,$7.00,Satin Kiss Lipstick
Morphe,$10.00,Cream Lipstick
Tarte,$12.60,Glide & Go Buttery Lipstick
Lime Crime,$24.00,Wet Cherry Gloss Extra Extra Poppin Gloss
florence by mills,$12.00,16 Wishes Get Glossed Lip Gloss
MAC,$12.00,Mini MAC Lipglass
NYX Professional Makeup,$9.00,Glitter Goals Liquid Lipstick
AXIOLOGY,$36.00,3 in 1 Balmies Trio - Malibu Magic
Indeed Labs,$14.99,Hydraluron+ Volumising Lip Treatment
Maybelline,$8.49,Color Sensational Made For All Lipstick
Almay,$7.99,Lip Vibes
AXIOLOGY,$36.00,3 in 1 Balmies Trio - Of the Earth
Winky Lux,$18.00,Marbleous Balm
Lipstick Queen,$24.00,Sinner - Opaque Lipstick
Lipstick Queen,$24.00,Saint - Sheer Lipstick
NYX Professional Makeup,$7.50,Lip Lingerie Glitter
Lipstick Queen,$25.00,Highway 66 Lipstick
Lime Crime,$20.00,Metallic Velvetine Lipstick
Lancôme,$32.00,L'Absolu Rouge Ruby Cream Lipstick
ICONIC LONDON,$26.00,Lip Plumping Gloss
BECCA Cosmetics,$24.00,Zero Face + Lip Glass Highlighter
Beauty Bakerie,$18.00,Sugar Sticks Lip Liner
Physicians Formula,$6.99,Diamond Plumper
Catrice,$6.00,Powerfull 5 Liquid Lip Balm
Winky Lux,$16.00,Lavender Confetti Balm
Essence,$1.99,Duo Sharpener
bareMinerals,$16.00,"Maximal Color, Minimal Ingredients Mini Lipstick Duo"
Winky Lux,$16.00,Watermelon Jelly Balm
Tarte,$19.00,Maneater Plumping Gloss
ChapStick,$4.99,Total Hydration Vitamin Enriched Lip Oil
L'Oréal,$10.99,Age Perfect Luminous Hydrating Lipstick
Wunder2,$22.00,Prime & Behold
Maybelline,$8.49,Color Sensational Lipcolor
Makeup Revolution,$7.00,Velvet Kiss Lip Crayon
Beauty Bakerie,$18.00,Lip Whip Gloss
Milani,$8.99,Ludicrous Matte Lip Crayon
Persona,$16.00,Season One Lip Gloss
Winky Lux,$16.00,Glimmer Balm
Urban Decay Cosmetics,$20.00,Hi-Fi Shine Ultra Cushion Lip Gloss
Lime Crime,$25.00,Double Your Shine Kit
KVD Beauty,$20.00,XO Vinyl Lip Cream Lip Gloss
It Cosmetics,$49.50,Pillow Lips Lipstick Mattes Trio
Sara Happ,$12.00 - $24.00,The Lip Slip One Luxe Gloss
Morphe,$10.00,Mega Matte Lipstick
UOMA Beauty,$16.00,Badass MF Matte Filler Lip Liner
Maybelline,$3.99,Expert Tools Dual Pencil Sharpener
Catrice,$6.00,Hemp & Mint Glow Lip Balm
L'Oréal,$10.99,Infallible Pro Matte Liquid Lipstick Les Chocolat
Stila,$26.00,"Trifecta Metallica Lip, Eye & Cheek Stick"
Lipstick Queen,$18.00,Invisible Lip Liner
Inuwet,$4.99,Cherry Bunny Lip Balm
Revlon,$10.99,ColorStay Ultimate Suede Lipstick
MAC,$19.00,Viva Glam 26 Lipstick
Lancôme,$8.00,2-In-1 Pencil Sharpener
Lipstick Queen,$25.00,Girls Will Be Boys Lipstick & Primer
frank body,$24.95,Cherry Bomb Lip Duo
Lano,$16.95,Rose Gold 101 Ointment Balm & Tint
L.A. Girl,$4.49,Shockwave Lip Liner
Lipstick Queen,$25.00,Old Flame Lipstick
Babo Botanicals,$9.99,Sheer Lip Tint Conditioner SPF 15 Mineral Sunscreen Lip Balm
Pixi,$14.00,LipLift Max
Buxom,$25.00,Make 'Em Melt Tear and Share Set
Clinique,$47.00,Pop Lip Colour + Primer Trio
Petite 'n Pretty,$14.00 - $16.00,10K Shine Lip Gloss
NABLA,$16.00,Dreamy Liquid Lipstick
Persona,$16.00,Season One Matte Liquid Lipstick
L.A. Girl,$5.49,Glossy Plumping Lip Gloss
Essence,$3.99,Long Lasting Lipstick
Juvia's Place,$14.00,The Reds Cherry Velvety Matte Lipstick
e.l.f. Cosmetics,$8.00,Runway Ready Lip Palette
Petite 'n Pretty,$14.00,Glo$$ Balm Glossy Lip Balm
CoverGirl,$7.99,Exhibitionist Metallic Lipstick
Lano,$16.95,Holographic Watermelon Lip Water
Urban Decay Cosmetics,$19.00,Vice Lipstick Mega Matte
Burt's Bees,$5.99,Lip Gloss
Essence,$4.99,Stay 8H Matte Liquid Lipstick
Ofra Cosmetics,$50.00,The Nudes Lip Set
Catrice,$7.00,Sheer Beautifying Lip Balm
AXIOLOGY,$36.00,3 in 1 Balmies Trio - Cotton Candy Skies
PYT Beauty,$15.00,Plumping Lip Gloss
NYX Professional Makeup,$7.00,Slip Tease Lip Lacquer Full Coverage High Shine Lip Color
L.A. Girl,$4.99,Holographic Gloss Topper
Winky Lux,$18.00,Neapolitan Balm
frank body,$11.95,Cherry Bomb Lip Tint
Catrice,$8.00,Volumizing Lip Soufflé
Juvia's Place,$13.00,Nubian Glow Balm
I Heart Revolution,$7.00,Tasty Peach Lip Oil
Lipstick Queen,$24.00,Jean Queen Lipstick
It Cosmetics,$49.50,Pillow Lips Lipstick Creams Trio
Inuwet,$4.99,Pineapple Sparkle Bunny Lip Balm
e.l.f. Cosmetics,$6.00,Plumping Lip Gloss
W3LL PEOPLE,$14.00,Nudist Lip Butter
Lancôme,$32.00,L'Absolu Rouge Drama Matte Lipcolor
L'Oréal,$8.95,Colour Riche Les Nus Intense Lipstick
Babo Botanicals,$39.99,Nutri-Shine Hydrating Luminizer Vegan Lip Gloss 4 Pc Set
KKW BEAUTY,$12.00,Red Lip Liner
MAC,$12.00,Mini MAC Clear Lipglass
UOMA Beauty,$22.00,Black Magic Coming 2 America: Hypnotic Impact High Shine Lipstick
florence by mills,$14.00,Glow Yeah Tinted pH Lip Oil
florence by mills,$12.00,Get Glossed Lip Gloss
NUDESTIX,$28.00,Magnetic Plush Paint
noyah,$20.00,Food-Grade & Natural Peppermint-Vanilla Lip Scrub
Honest Beauty,$15.00,Gloss-C Lip Gloss
FLOWER Beauty,$6.99,Petal Pout Lip Liner
Burt's Bees,$7.99,Lip Shine
Physicians Formula,$2.49,Sharpener
UOMA Beauty,$26.00,Black Magic Carnival Lipstick
PÜR,$20.00,4 In 1 Lip Duo
Morphe,$18.00,Pop Of Pastel Matte Lipstick Trio
e.l.f. Cosmetics,$3.00,Essential Lip Kiss Balm
KIKO Milano,$10.99,Baseline 3D Hydra Lipgloss
Revlon,$8.49,Super Lustrous The Gloss
ULTA,$6.00,Matcha Magic Lip Jelly
Almay,$7.99,Color & Care Lip Oil-In-Stick
L.A. Girl,$5.49,Glitter Magic Shimmer Shifting Lip Color
PYT Beauty,$18.00,Double Duty Lipstick + Gloss
SUGARPILL,$9.00,Liquid Lip Color
Burt's Bees,$6.99,Matte Stick Lipstick
Sara Happ,$40.00,Luxe Lip Trio
Juice Beauty,$22.00,PHYTO-PIGMENTS Luminous Lip Crayon
ULTA,$5.00,Mini Jelly Gloss Lip Gel
Lano,$16.95,Holographic Lip Water
Revlon,$9.99,Ultra HD Matte Lip Mousse Hyper Matte
Honest Beauty,$13.00,Lip Crayon - Demi Matte
Pacifica,$8.00,Highest Gloss Hemp Infused for Chronic Shine Lip Gloss Balm
Makeup Revolution,$7.00,Dream Kiss Lip Balm
W3LL PEOPLE,$15.00,Optimist Lipstick
CoverGirl,$9.99,Clean Fresh Lip Tint
Lipstick Queen,$22.00,Altered Universe Lip Gloss
Honest Beauty,$13.00,Lip Crayon - Sheer Lush
I Heart Revolution,$6.00,Unicorn Heart Glow Balm
NUDESTIX,$26.00,Magnetic Matte Lip Color
Almay,$9.99,Goddess Gloss
ULTA,$9.00,Luxe Liquid Lipstick
SUGARPILL,$9.00,Lipstick
Winky Lux,$16.00,Fruity pH Lip Gloss
Physicians Formula,$8.49,Murumuru Butter Lip Cream
Makeup Revolution,$7.00,Lip Vinyl
Lipstick Queen,$18.00,Visible Lip Liner in Medieval
Origins,$20.00,Blooming Shine Lip Glaze
FLOWER Beauty,$9.99,Mix N' Matte Lip Duo
J.Cat Beauty,$2.49,Dual-Blade Pencil Sharpener
J.Cat Beauty,$2.49 - $4.99,Scene Stealer Ultra Creamy Lipstick
Morphe,$9.00,Shine Lip Crayon
FLOWER Beauty,$9.99,Miracle Matte Liquid Lip Color
Indeed Labs,$14.99,Hydraluron + Tinted Lip Treatment
L'Oréal,$3.99,Infallible Dual Pencil Sharpener
Beauty Bakerie,$20.00,Liquid Creme Lipstick
L.A. Girl,$5.99,Lip Attraction
L.A. Girl,$4.99,Gloss Topper
HOURGLASS,$22.00,Confession Ultra Slim High Intensity Lipstick Refill
Inuwet,$10.00,Paris Lip Balm Duo
Juvia's Place,$14.00,The Reds And Berries Lip Reflect Gloss
Lipstick Queen,$25.00,Blue By You Metallic Lipstick
CoverGirl,$10.99,Outlast UltiMatte One Step Liquid Lip Color
HOURGLASS,$30.00,Panoramic Long Wear Lip Liner
L.A. Girl,$4.99,Lip Primer
Inuwet,$14.99,Mermaid Stars Natural Lip Balm Set
HOURGLASS,$28.00,Opaque Rouge Liquid Lipstick
Beauty Bakerie,$20.00,Metallic Lip Whip
NABLA,$15.00,Shine Theory Lip Gloss
Lipstick Queen,$24.00,Rear View Mirror Lip Lacquer
Lipstick Queen,$25.00,Venetian Masquerade Lipstick
Sara Happ,$20.00,The Lip Slip One Luxe Gloss Clear
L.A. Girl,$4.99,Desert Dream Glitter Lipgloss
L.A. Girl,$5.99,Lip Mousse
Makeup Revolution,$14.00,Shimmer Bomb Mini Collection
Inuwet,$12.99,K Glitter Eye And Lip Pen
UOMA Beauty,$22.00,Boss Gloss Liquid Marble
Sara Happ,$28.00,Plump & Prime
Wet n Wild,$3.49,Naked Protest Velvet Matte Lip Color
J.Cat Beauty,$17.99,Freedom Creator Lip Palette
L'Oréal,$10.99,Colour Riche Gold Addiction Lipstick
Holika Holika,$7.00,Holi Pop Water Tint
Holika Holika,$12.00,Heart Crush Velvet Lipstick
L'Oréal,$11.99,Rouge Signature Empowereds
jane iredale,$26.00,PureGloss Lip Gloss
SMITH & CULT,$22.00,Fractal Prismatic Lip Sheen
Smashbox,$20.00,Gloss Angeles Extra Shine Clear Lip Gloss
Revlon,$9.99,Ultra HD Vinyl Lip Polish
Lancôme,$26.00,Color Design Matte Lipstick
Holika Holika,$12.00,Heart Crush Matte Lipstick
BLK/OPL,$9.00,Liquid Matte Lipstick
Ofra Cosmetics,$15.00,Vitamin E Lipstick
Ofra Cosmetics,$50.00,Ofra X Manny MUA Lip Set
Juice Beauty,$24.00,PHYTO-PIGMENTS Liquid Lip
Petite 'n Pretty,$20.00,Cloud Pout Lip Gloss Trio
Essence,$3.99,Lips Go Wow! Plumping Lipgloss
I Heart Revolution,$7.00,Tasty Avocado Lipstick
Wet n Wild,$5.49,Megalast Liquid Catsuit High-Shine Lipstick
W3LL PEOPLE,$14.00,Bio Extreme Lipgloss
e.l.f. Cosmetics,$7.00,Lip Kit
Lime Crime,$20.00,Lip Pops Satin Lipstick
Winky Lux,$18.00,Purrfect Pout Lipstick
Petite 'n Pretty,$8.50,Deluxe 10K Shine Lip Gloss
Milani,$5.99,Easyliner Mechanical Lipliner Pencil
ULTA,$10.00,Rosy Disposition Flower Petal Lip Oil
e.l.f. Cosmetics,$5.00,Day To Night Lipstick Duo
Lottie London,$5.95,Lottie London x Laila Loves pH Lip Balm
Catrice,$8.00,Clean ID Lip Oil
Holika Holika,$7.00,Holi Pop Jelicious Lip Balm
KIKO Milano,$12.00,Ray Of Love Long Lasting Lip Stylo
Lipstick Queen,$24.00,Medieval Lipstick Intense
HAN Skincare Cosmetics,$15.00,Lip Gloss
CoverGirl,$10.99,Outlast 2 Step Nude Lip Color
Stila,$18.00,Save the Day Eye & Lip Perfecter
Ofra Cosmetics,$50.00,Me Myself and I Lip Set
Lime Crime,$10.00,Lip Blaze Cream Liquid Lipstick
ULTA,$10.00,Blueberry Bliss Flower Petal Lip Oil
NABLA,$16.00,Glam Touch Lipstick
Petite 'n Pretty,$14.00,Glo$$ Balm - Big Dream$
L'Oréal,$10.99,Colour Riche Collection Exclusive Red Lipcolour
bareMinerals,$20.00,MINERALIST Lip Gloss-Balm
jane iredale,$60.00,Limited Edition Lip Kit
Sara Happ,$24.00,Let's Glow Lip Illuminator - Lip Highlighter
Ofra Cosmetics,$2.00,Cosmetic Pencil Sharpener
L'Oréal,$10.99,Colour Riche Collection Exclusive Pink Lipcolour
SMITH & CULT,$20.00,Hydragloss High-Pigment Lip Gel
Tarte,$14.00,Tarteist Holographic Lip Gloss
PMD,$30.00,Kiss Smart Lip Plumping Serum
Lip Smacker,$5.00,Lippy Pal
Winky Lux,$18.00,Chandelier Gloss
Pacifica,$10.00,Enlightened Gloss Nourishing Mineral Lip Shine
Lottie London,$6.95,Oil Slick Lip Oil
KIKO Milano,$11.00,You Make Me Matte Lipstick
Physicians Formula,$9.49,Nourishing Lipstick
Undone Beauty,$10.00,Light On Lip
Lottie London,$5.95,Gloss'd Supercharged Gloss Oil
Lipstick Queen,$20.00,Reign & Shine Lip Gloss
Lipstick Queen,$24.00,Lipdulgence Lip Powder
Ardell,$7.99,No-Slip Liquid Lip Liner
CoverGirl,$7.99,Exhibitionist Demi-Matte Lipstick
Undone Beauty,$10.00,Big Poppa Lip Gloss
Tarte,$10.00,Travel Size Maracuja Glossy Lip Oil
Ofra Cosmetics,$15.00,Lip Gloss
Wunder2,$19.95,Wunderkiss Lip Plumping Gloss
Holika Holika,$12.00,Heart Crush Melting Lipstick
ZOEVA,$12.00,Graphic Lips Pencil
Elcie Cosmetics,$24.00,Lip Vinyl
Undone Beauty,$7.00,Lip Life Lip Balm
CoverGirl,$10.99,Outlast All Day Custom Reds Lip Color
MAC,$21.00,"Powder Kiss Lipstick (Werk, Werk, Werk)"
ZOEVA,$40.00,Pure Lacquer Liquid Lipstick Box
BLK/OPL,$6.25,Honey Dew Me Lip Oil
Elcie Cosmetics,$20.00,Remarkable Lip Liner
Buxom,$6.00,Pencil Sharpener
J.Cat Beauty,$4.99,Flash Metal Metallic Matte Lip
Juvia's Place,$14.00,The Reds and Berries Glass Gloss
BLK/OPL,$7.95,Lip Balm
Ardell,$7.99,Matte Whipped Lipstick
L'Oréal,$9.99,Age Perfect Satin Lipstick
Olio E Osso,$28.00,Lucente Lip Sheen
frank body,$11.95,Taupe-less Lip Tint
Banila Co,$16.00,Miss Flower & Mr. Honey Lip Balm
PÜR,$20.00,CBD Tinted Lip & Cheek Balm
BLK/OPL,$6.00,Lip Liner
Inuwet,$14.99,Pink Lip Balm Stars Set
bareMinerals,$16.00,Statement Under Over Lip Liner
Ardell,$7.99,Vinyl Vixen Lip Lacquer
SMITH & CULT,$22.00,Locked & Lit CBD Lipstick
LORAC,$19.00,LUX Diamond Lip Gloss
Elcie Cosmetics,$24.00,Remarkable Lipstick
Holika Holika,$9.00,Holi Pop Velvet Lip Pencil
I Heart Revolution,$6.00,Vinyl Cherry Liquid Lipstick
Pixi,$10.00,+C Vit Lip Brightener
Revlon,$9.99,Ultra HD Matte Metallic Lipcolor
Dionis,$3.50,Goat Milk Matte Tint Lip Balm
J.Cat Beauty,$17.99,Freedom Creator Lip Palette
I Heart Revolution,$7.00,Soft Peach Liquid Lipstick
Catrice,$6.00,Clean ID Highly Caring Lip Balm
Wet n Wild,$4.99 - $5.29,Megalast Liquid Catsuit Metallic Lipstick
NYX Professional Makeup,$5.00,Retractable Lip Liner
Olio E Osso,$30.00,Crema Lipstick
Burt's Bees,$7.99,Lip Shine
J.Cat Beauty,$4.99,Liptonix Extreme Shimmer Topper
Wunder2,$11.95,Wunderkiss Gloss Lip Liner
Au Naturale,$18.00,High Lustre Lip Gloss
Physicians Formula,$8.49,Rosé All Day Rosé Kiss All Day Velvet Lip Color
Babo Botanicals,$18.95,Nutri-Shine Hydrating Luminizer Vegan Lip Gloss
Hynt Beauty,$29.00,Aria Pure Lipstick
Juvia's Place,$14.00,The Wines Velvety Matte Lipstick
Juvia's Place,$10.00,The Reds and Berries Velvety Matte Mini Liquid Lipstick
CoverGirl,$7.99,Exhibitionist Lipstick Cream
Persona,$24.00,Season One Lip Gloss Duo
BLK/OPL,$7.95,High Shine Lip Gloss
Ofra Cosmetics,$19.00,Flexi Slick Lip Crème
ULTA,$4.49,Jelly Gloss Lip Gel
J.Cat Beauty,$5.99,Crystal Burst Liquid Lipstick
KIKO Milano,$10.99,Baseline Jelly Stylo
CoverGirl,$10.99,Outlast 2 Step Custom Nudes
BLK/OPL,$8.75,Cream Lipstick
Pixi,$14.00,Lip Icing
KIKO Milano,$11.00,Mood Boost Enchanting Lip Gloss
Winky Lux,$15.00,Matte Lip Velour Lipstick
Elcie Cosmetics,$24.00,Lip Balm Treatment
Lottie London,$6.49,Lip Foil Iridescent Duo Chrome Lip Topper
Ofra Cosmetics,$15.00,Lip Exfoliator
SMITH & CULT,$22.00,Glitterish Shimmer Lip Veil
KKW BEAUTY,$18.00,Mrs. West Soulmate Gloss
Lipstick Queen,$24.00,Lipdulgence Lip Mousse
Revlon,$8.49,Love is On Super Lustrous Lipstick
ZOEVA,$15.00,Pure Velours Lip
BLK/OPL,$8.75,Risqué Matte Lipstick
FLOWER Beauty,$9.99,Pop Fanatic Vinyl Lip
Wunder2,$15.95,Wunderkiss Satin Lip Oil
Physicians Formula,$8.49,Rosé All Day Rosé Kiss All Day Glossy Lip Color
NYX Professional Makeup,$7.50,Lip Lingerie Shimmer
ZOEVA,$80.00,Pure Matte Liquid Lipstick Box
Winky Lux,$16.00,Glossy Boss Meow
Juvia's Place,$10.00,The Reds and Berries Luxe Lip Liner
Dr. PAWPAW,$8.00,Shimmer Balm
FLOWER Beauty,$9.99,Galaxy Glaze Holographic Liquid Lip Color
Winky Lux,$16.00,Steal My Heart Lipstick Pill
KKW BEAUTY,$12.00,Mrs. West Love Lip Liner
Juvia's Place,$14.00,The Berries Velvety Matte Lipstick
Makeup Revolution,$7.00,Glow Bomb Lip Balm
VDL,$22.00,Expert Color Lip Cube Marble Glow
Dionis,$5.00,Blood Orange Goat Milk Lip Balm
BH Cosmetics,$7.00,Liquid Linen - Long Lasting Lip Color
FLOWER Beauty,$9.99,Miracle Matte Metallic Liquid Lip Color
Smashbox,$24.00,Be Legendary Liquid Lip
KKW BEAUTY,$18.00,Mrs. West Love Créme Lipstick
Lano,$16.95,Liquid Gold Lip Water
Smashbox,$19.00,Be Legendary Line & Prime Pencil
Smashbox,$24.00,Be Legendary Prime & Plush Lipstick
Lancôme,$1.90,Juicy Tubes Lip Gloss
HOURGLASS,$32.00,Femme Nude Lip Stylo
Lipstick Queen,$20.00,Medieval Tinted Lip 'Lixir
Ofra Cosmetics,$29.00,OFRA x Samantha March #SamSquad Lip Gloss Trio
Lime Crime,$16.00,Golden Wet Cherry Lip Oil
